{"cameraMode":{"drawMode":0,"name":"Shaded","section":"Shading Mode"},"sceneLighting":false,"audioPlay":false,"sceneViewState":{"m_AlwaysRefresh":false,"showFog":true,"showSkybox":false,"showFlares":true,"showImageEffects":true,"showParticleSystems":true,"showVisualEffectGraphs":true,"m_FxEnabled":true},"in2DMode":false,"pivot":{"x":-0.09582963585853577,"y":-0.19054937362670899,"z":-0.9639198780059815},"rotation":{"x":0.005131707061082125,"y":-0.9838604927062988,"z":0.17932985723018647,"w":0.024879468604922296},"size":1.4233821630477906,"orthographic":false}